ticker,OPT_STRIKE_PX,OPT_EXPIRE_DT,OPT_PUT_CALL,OPT_CONT_SIZE,OPT_UNDL_TICKER,OPT_MULTIPLIER
AAPL US 05/15/26 C120 Equity,120.0,2026-05-15,Call,100.0,AAPL US,100.0
AAPL US 05/15/26 C125 Equity,125.0,2026-05-15,Call,100.0,AAPL US,100.0
AAPL US 05/15/26 C130 Equity,130.0,2026-05-15,Call,100.0,AAPL US,100.0
AAPL US 05/15/26 C135 Equity,135.0,2026-05-15,Call,100.0,AAPL US,100.0
AAPL US 05/15/26 C140 Equity,140.0,2026-05-15,Call,100.0,AAPL US,100.0
AAPL US 05/15/26 C145 Equity,145.0,2026-05-15,Call,100.0,AAPL US,100.0
AAPL US 05/15/26 C150 Equity,150.0,2026-05-15,Call,100.0,AAPL US,100.0
AAPL US 05/15/26 C155 Equity,155.0,2026-05-15,Call,100.0,AAPL US,100.0
AAPL US 05/15/26 C160 Equity,160.0,2026-05-15,Call,100.0,AAPL US,100.0
AAPL US 05/15/26 C165 Equity,165.0,2026-05-15,Call,100.0,AAPL US,100.0
AAPL US 05/15/26 C5 Equity,5.0,2026-05-15,Call,100.0,AAPL US,100.0
AAPL US 05/15/26 C10 Equity,10.0,2026-05-15,Call,100.0,AAPL US,100.0
AAPL US 05/15/26 C15 Equity,15.0,2026-05-15,Call,100.0,AAPL US,100.0
AAPL US 05/15/26 C20 Equity,20.0,2026-05-15,Call,100.0,AAPL US,100.0
AAPL US 05/15/26 C25 Equity,25.0,2026-05-15,Call,100.0,AAPL US,100.0
AAPL US 05/15/26 C30 Equity,30.0,2026-05-15,Call,100.0,AAPL US,100.0
AAPL US 05/15/26 C35 Equity,35.0,2026-05-15,Call,100.0,AAPL US,100.0
AAPL US 05/15/26 C40 Equity,40.0,2026-05-15,Call,100.0,AAPL US,100.0
AAPL US 05/15/26 C45 Equity,45.0,2026-05-15,Call,100.0,AAPL US,100.0
AAPL US 05/15/26 C50 Equity,50.0,2026-05-15,Call,100.0,AAPL US,100.0
AAPL US 05/15/26 C307.5 Equity,307.5,2026-05-15,Call,100.0,AAPL US,100.0
AAPL US 05/15/26 C310 Equity,310.0,2026-05-15,Call,100.0,AAPL US,100.0
AAPL US 05/15/26 C312.5 Equity,312.5,2026-05-15,Call,100.0,AAPL US,100.0
AAPL US 05/15/26 C315 Equity,315.0,2026-05-15,Call,100.0,AAPL US,100.0
AAPL US 05/15/26 C317.5 Equity,317.5,2026-05-15,Call,100.0,AAPL US,100.0
AAPL US 05/15/26 C320 Equity,320.0,2026-05-15,Call,100.0,AAPL US,100.0
AAPL US 05/15/26 C325 Equity,325.0,2026-05-15,Call,100.0,AAPL US,100.0
AAPL US 05/15/26 C330 Equity,330.0,2026-05-15,Call,100.0,AAPL US,100.0
AAPL US 05/15/26 C335 Equity,335.0,2026-05-15,Call,100.0,AAPL US,100.0
AAPL US 05/15/26 C340 Equity,340.0,2026-05-15,Call,100.0,AAPL US,100.0
AAPL US 05/15/26 C430 Equity,430.0,2026-05-15,Call,100.0,AAPL US,100.0
AAPL US 05/15/26 C440 Equity,440.0,2026-05-15,Call,100.0,AAPL US,100.0
AAPL US 05/15/26 C450 Equity,450.0,2026-05-15,Call,100.0,AAPL US,100.0
AAPL US 05/15/26 P5 Equity,5.0,2026-05-15,Put,100.0,AAPL US,100.0
AAPL US 05/15/26 P10 Equity,10.0,2026-05-15,Put,100.0,AAPL US,100.0
AAPL US 05/15/26 P15 Equity,15.0,2026-05-15,Put,100.0,AAPL US,100.0
AAPL US 05/15/26 P20 Equity,20.0,2026-05-15,Put,100.0,AAPL US,100.0
AAPL US 05/15/26 P25 Equity,25.0,2026-05-15,Put,100.0,AAPL US,100.0
AAPL US 05/15/26 P30 Equity,30.0,2026-05-15,Put,100.0,AAPL US,100.0
AAPL US 05/15/26 P35 Equity,35.0,2026-05-15,Put,100.0,AAPL US,100.0
AAPL US 05/15/26 C60 Equity,60.0,2026-05-15,Call,100.0,AAPL US,100.0
AAPL US 05/15/26 C70 Equity,70.0,2026-05-15,Call,100.0,AAPL US,100.0
AAPL US 05/15/26 C80 Equity,80.0,2026-05-15,Call,100.0,AAPL US,100.0
AAPL US 05/15/26 C85 Equity,85.0,2026-05-15,Call,100.0,AAPL US,100.0
AAPL US 05/15/26 C90 Equity,90.0,2026-05-15,Call,100.0,AAPL US,100.0
AAPL US 05/15/26 C95 Equity,95.0,2026-05-15,Call,100.0,AAPL US,100.0
AAPL US 05/15/26 C100 Equity,100.0,2026-05-15,Call,100.0,AAPL US,100.0
AAPL US 05/15/26 C105 Equity,105.0,2026-05-15,Call,100.0,AAPL US,100.0
AAPL US 05/15/26 C110 Equity,110.0,2026-05-15,Call,100.0,AAPL US,100.0
AAPL US 05/15/26 C115 Equity,115.0,2026-05-15,Call,100.0,AAPL US,100.0
AAPL US 05/15/26 C220 Equity,220.0,2026-05-15,Call,100.0,AAPL US,100.0
AAPL US 05/15/26 C225 Equity,225.0,2026-05-15,Call,100.0,AAPL US,100.0
AAPL US 05/15/26 C230 Equity,230.0,2026-05-15,Call,100.0,AAPL US,100.0
AAPL US 05/15/26 C235 Equity,235.0,2026-05-15,Call,100.0,AAPL US,100.0
AAPL US 05/15/26 C240 Equity,240.0,2026-05-15,Call,100.0,AAPL US,100.0
AAPL US 05/15/26 C245 Equity,245.0,2026-05-15,Call,100.0,AAPL US,100.0
AAPL US 05/15/26 C247.5 Equity,247.5,2026-05-15,Call,100.0,AAPL US,100.0
AAPL US 05/15/26 C250 Equity,250.0,2026-05-15,Call,100.0,AAPL US,100.0
AAPL US 05/15/26 C252.5 Equity,252.5,2026-05-15,Call,100.0,AAPL US,100.0
AAPL US 05/15/26 C255 Equity,255.0,2026-05-15,Call,100.0,AAPL US,100.0
AAPL US 05/15/26 C170 Equity,170.0,2026-05-15,Call,100.0,AAPL US,100.0
AAPL US 05/15/26 C175 Equity,175.0,2026-05-15,Call,100.0,AAPL US,100.0
AAPL US 05/15/26 C180 Equity,180.0,2026-05-15,Call,100.0,AAPL US,100.0
AAPL US 05/15/26 C185 Equity,185.0,2026-05-15,Call,100.0,AAPL US,100.0
AAPL US 05/15/26 C190 Equity,190.0,2026-05-15,Call,100.0,AAPL US,100.0
AAPL US 05/15/26 C195 Equity,195.0,2026-05-15,Call,100.0,AAPL US,100.0
AAPL US 05/15/26 C200 Equity,200.0,2026-05-15,Call,100.0,AAPL US,100.0
AAPL US 05/15/26 C205 Equity,205.0,2026-05-15,Call,100.0,AAPL US,100.0
AAPL US 05/15/26 C210 Equity,210.0,2026-05-15,Call,100.0,AAPL US,100.0
AAPL US 05/15/26 C215 Equity,215.0,2026-05-15,Call,100.0,AAPL US,100.0
AAPL US 05/15/26 C257.5 Equity,257.5,2026-05-15,Call,100.0,AAPL US,100.0
AAPL US 05/15/26 C260 Equity,260.0,2026-05-15,Call,100.0,AAPL US,100.0
AAPL US 05/15/26 C262.5 Equity,262.5,2026-05-15,Call,100.0,AAPL US,100.0
AAPL US 05/15/26 C265 Equity,265.0,2026-05-15,Call,100.0,AAPL US,100.0
AAPL US 05/15/26 C267.5 Equity,267.5,2026-05-15,Call,100.0,AAPL US,100.0
AAPL US 05/15/26 C270 Equity,270.0,2026-05-15,Call,100.0,AAPL US,100.0
AAPL US 05/15/26 C272.5 Equity,272.5,2026-05-15,Call,100.0,AAPL US,100.0
AAPL US 05/15/26 C275 Equity,275.0,2026-05-15,Call,100.0,AAPL US,100.0
AAPL US 05/15/26 C277.5 Equity,277.5,2026-05-15,Call,100.0,AAPL US,100.0
AAPL US 05/15/26 C280 Equity,280.0,2026-05-15,Call,100.0,AAPL US,100.0
AAPL US 05/15/26 C345 Equity,345.0,2026-05-15,Call,100.0,AAPL US,100.0
AAPL US 05/15/26 C350 Equity,350.0,2026-05-15,Call,100.0,AAPL US,100.0
AAPL US 05/15/26 C355 Equity,355.0,2026-05-15,Call,100.0,AAPL US,100.0
AAPL US 05/15/26 C360 Equity,360.0,2026-05-15,Call,100.0,AAPL US,100.0
AAPL US 05/15/26 C370 Equity,370.0,2026-05-15,Call,100.0,AAPL US,100.0
AAPL US 05/15/26 C380 Equity,380.0,2026-05-15,Call,100.0,AAPL US,100.0
AAPL US 05/15/26 C390 Equity,390.0,2026-05-15,Call,100.0,AAPL US,100.0
AAPL US 05/15/26 C400 Equity,400.0,2026-05-15,Call,100.0,AAPL US,100.0
AAPL US 05/15/26 C410 Equity,410.0,2026-05-15,Call,100.0,AAPL US,100.0
AAPL US 05/15/26 C420 Equity,420.0,2026-05-15,Call,100.0,AAPL US,100.0
AAPL US 05/15/26 C282.5 Equity,282.5,2026-05-15,Call,100.0,AAPL US,100.0
AAPL US 05/15/26 C285 Equity,285.0,2026-05-15,Call,100.0,AAPL US,100.0
AAPL US 05/15/26 C287.5 Equity,287.5,2026-05-15,Call,100.0,AAPL US,100.0
AAPL US 05/15/26 C290 Equity,290.0,2026-05-15,Call,100.0,AAPL US,100.0
AAPL US 05/15/26 C292.5 Equity,292.5,2026-05-15,Call,100.0,AAPL US,100.0
AAPL US 05/15/26 C295 Equity,295.0,2026-05-15,Call,100.0,AAPL US,100.0
AAPL US 05/15/26 C297.5 Equity,297.5,2026-05-15,Call,100.0,AAPL US,100.0
AAPL US 05/15/26 C300 Equity,300.0,2026-05-15,Call,100.0,AAPL US,100.0
AAPL US 05/15/26 C302.5 Equity,302.5,2026-05-15,Call,100.0,AAPL US,100.0
AAPL US 05/15/26 C305 Equity,305.0,2026-05-15,Call,100.0,AAPL US,100.0
AAPL US 05/15/26 P275 Equity,275.0,2026-05-15,Put,100.0,AAPL US,100.0
AAPL US 05/15/26 P277.5 Equity,277.5,2026-05-15,Put,100.0,AAPL US,100.0
AAPL US 05/15/26 P280 Equity,280.0,2026-05-15,Put,100.0,AAPL US,100.0
AAPL US 05/15/26 P282.5 Equity,282.5,2026-05-15,Put,100.0,AAPL US,100.0
AAPL US 05/15/26 P285 Equity,285.0,2026-05-15,Put,100.0,AAPL US,100.0
AAPL US 05/15/26 P287.5 Equity,287.5,2026-05-15,Put,100.0,AAPL US,100.0
AAPL US 05/15/26 P290 Equity,290.0,2026-05-15,Put,100.0,AAPL US,100.0
AAPL US 05/15/26 P292.5 Equity,292.5,2026-05-15,Put,100.0,AAPL US,100.0
AAPL US 05/15/26 P295 Equity,295.0,2026-05-15,Put,100.0,AAPL US,100.0
AAPL US 05/15/26 P297.5 Equity,297.5,2026-05-15,Put,100.0,AAPL US,100.0
AAPL US 05/15/26 P105 Equity,105.0,2026-05-15,Put,100.0,AAPL US,100.0
AAPL US 05/15/26 P110 Equity,110.0,2026-05-15,Put,100.0,AAPL US,100.0
AAPL US 05/15/26 P115 Equity,115.0,2026-05-15,Put,100.0,AAPL US,100.0
AAPL US 05/15/26 P120 Equity,120.0,2026-05-15,Put,100.0,AAPL US,100.0
AAPL US 05/15/26 P125 Equity,125.0,2026-05-15,Put,100.0,AAPL US,100.0
AAPL US 05/15/26 P130 Equity,130.0,2026-05-15,Put,100.0,AAPL US,100.0
AAPL US 05/15/26 P135 Equity,135.0,2026-05-15,Put,100.0,AAPL US,100.0
AAPL US 05/15/26 P140 Equity,140.0,2026-05-15,Put,100.0,AAPL US,100.0
AAPL US 05/15/26 P145 Equity,145.0,2026-05-15,Put,100.0,AAPL US,100.0
AAPL US 05/15/26 P150 Equity,150.0,2026-05-15,Put,100.0,AAPL US,100.0
AAPL US 05/15/26 P40 Equity,40.0,2026-05-15,Put,100.0,AAPL US,100.0
AAPL US 05/15/26 P45 Equity,45.0,2026-05-15,Put,100.0,AAPL US,100.0
AAPL US 05/15/26 P50 Equity,50.0,2026-05-15,Put,100.0,AAPL US,100.0
AAPL US 05/15/26 P60 Equity,60.0,2026-05-15,Put,100.0,AAPL US,100.0
AAPL US 05/15/26 P70 Equity,70.0,2026-05-15,Put,100.0,AAPL US,100.0
AAPL US 05/15/26 P80 Equity,80.0,2026-05-15,Put,100.0,AAPL US,100.0
AAPL US 05/15/26 P85 Equity,85.0,2026-05-15,Put,100.0,AAPL US,100.0
AAPL US 05/15/26 P90 Equity,90.0,2026-05-15,Put,100.0,AAPL US,100.0
AAPL US 05/15/26 P95 Equity,95.0,2026-05-15,Put,100.0,AAPL US,100.0
AAPL US 05/15/26 P100 Equity,100.0,2026-05-15,Put,100.0,AAPL US,100.0
AAPL US 06/18/26 C25 Equity,25.0,2026-06-18,Call,100.0,AAPL US,100.0
AAPL US 06/18/26 C30 Equity,30.0,2026-06-18,Call,100.0,AAPL US,100.0
AAPL US 06/18/26 C35 Equity,35.0,2026-06-18,Call,100.0,AAPL US,100.0
AAPL US 06/18/26 C40 Equity,40.0,2026-06-18,Call,100.0,AAPL US,100.0
AAPL US 06/18/26 C45 Equity,45.0,2026-06-18,Call,100.0,AAPL US,100.0
AAPL US 06/18/26 C50 Equity,50.0,2026-06-18,Call,100.0,AAPL US,100.0
AAPL US 06/18/26 C55 Equity,55.0,2026-06-18,Call,100.0,AAPL US,100.0
AAPL US 06/18/26 C60 Equity,60.0,2026-06-18,Call,100.0,AAPL US,100.0
AAPL US 06/18/26 C65 Equity,65.0,2026-06-18,Call,100.0,AAPL US,100.0
AAPL US 06/18/26 C70 Equity,70.0,2026-06-18,Call,100.0,AAPL US,100.0
AAPL US 05/15/26 P250 Equity,250.0,2026-05-15,Put,100.0,AAPL US,100.0
AAPL US 05/15/26 P252.5 Equity,252.5,2026-05-15,Put,100.0,AAPL US,100.0
AAPL US 05/15/26 P255 Equity,255.0,2026-05-15,Put,100.0,AAPL US,100.0
AAPL US 05/15/26 P257.5 Equity,257.5,2026-05-15,Put,100.0,AAPL US,100.0
AAPL US 05/15/26 P260 Equity,260.0,2026-05-15,Put,100.0,AAPL US,100.0
AAPL US 05/15/26 P262.5 Equity,262.5,2026-05-15,Put,100.0,AAPL US,100.0
AAPL US 05/15/26 P265 Equity,265.0,2026-05-15,Put,100.0,AAPL US,100.0
AAPL US 05/15/26 P267.5 Equity,267.5,2026-05-15,Put,100.0,AAPL US,100.0
AAPL US 05/15/26 P270 Equity,270.0,2026-05-15,Put,100.0,AAPL US,100.0
AAPL US 05/15/26 P272.5 Equity,272.5,2026-05-15,Put,100.0,AAPL US,100.0
AAPL US 05/15/26 P330 Equity,330.0,2026-05-15,Put,100.0,AAPL US,100.0
AAPL US 05/15/26 P335 Equity,335.0,2026-05-15,Put,100.0,AAPL US,100.0
AAPL US 05/15/26 P340 Equity,340.0,2026-05-15,Put,100.0,AAPL US,100.0
AAPL US 05/15/26 P345 Equity,345.0,2026-05-15,Put,100.0,AAPL US,100.0
AAPL US 05/15/26 P350 Equity,350.0,2026-05-15,Put,100.0,AAPL US,100.0
AAPL US 05/15/26 P355 Equity,355.0,2026-05-15,Put,100.0,AAPL US,100.0
AAPL US 05/15/26 P360 Equity,360.0,2026-05-15,Put,100.0,AAPL US,100.0
AAPL US 05/15/26 P370 Equity,370.0,2026-05-15,Put,100.0,AAPL US,100.0
AAPL US 05/15/26 P380 Equity,380.0,2026-05-15,Put,100.0,AAPL US,100.0
AAPL US 05/15/26 P390 Equity,390.0,2026-05-15,Put,100.0,AAPL US,100.0
AAPL US 05/15/26 P205 Equity,205.0,2026-05-15,Put,100.0,AAPL US,100.0
AAPL US 05/15/26 P210 Equity,210.0,2026-05-15,Put,100.0,AAPL US,100.0
AAPL US 05/15/26 P215 Equity,215.0,2026-05-15,Put,100.0,AAPL US,100.0
AAPL US 05/15/26 P220 Equity,220.0,2026-05-15,Put,100.0,AAPL US,100.0
AAPL US 05/15/26 P225 Equity,225.0,2026-05-15,Put,100.0,AAPL US,100.0
AAPL US 05/15/26 P230 Equity,230.0,2026-05-15,Put,100.0,AAPL US,100.0
AAPL US 05/15/26 P235 Equity,235.0,2026-05-15,Put,100.0,AAPL US,100.0
AAPL US 05/15/26 P240 Equity,240.0,2026-05-15,Put,100.0,AAPL US,100.0
AAPL US 05/15/26 P245 Equity,245.0,2026-05-15,Put,100.0,AAPL US,100.0
AAPL US 05/15/26 P247.5 Equity,247.5,2026-05-15,Put,100.0,AAPL US,100.0
AAPL US 05/15/26 P155 Equity,155.0,2026-05-15,Put,100.0,AAPL US,100.0
AAPL US 05/15/26 P160 Equity,160.0,2026-05-15,Put,100.0,AAPL US,100.0
AAPL US 05/15/26 P165 Equity,165.0,2026-05-15,Put,100.0,AAPL US,100.0
AAPL US 05/15/26 P170 Equity,170.0,2026-05-15,Put,100.0,AAPL US,100.0
AAPL US 05/15/26 P175 Equity,175.0,2026-05-15,Put,100.0,AAPL US,100.0
AAPL US 05/15/26 P180 Equity,180.0,2026-05-15,Put,100.0,AAPL US,100.0
AAPL US 05/15/26 P185 Equity,185.0,2026-05-15,Put,100.0,AAPL US,100.0
AAPL US 05/15/26 P190 Equity,190.0,2026-05-15,Put,100.0,AAPL US,100.0
AAPL US 05/15/26 P195 Equity,195.0,2026-05-15,Put,100.0,AAPL US,100.0
AAPL US 05/15/26 P200 Equity,200.0,2026-05-15,Put,100.0,AAPL US,100.0
AAPL US 05/15/26 P300 Equity,300.0,2026-05-15,Put,100.0,AAPL US,100.0
AAPL US 05/15/26 P302.5 Equity,302.5,2026-05-15,Put,100.0,AAPL US,100.0
AAPL US 05/15/26 P305 Equity,305.0,2026-05-15,Put,100.0,AAPL US,100.0
AAPL US 05/15/26 P307.5 Equity,307.5,2026-05-15,Put,100.0,AAPL US,100.0
AAPL US 05/15/26 P310 Equity,310.0,2026-05-15,Put,100.0,AAPL US,100.0
AAPL US 05/15/26 P312.5 Equity,312.5,2026-05-15,Put,100.0,AAPL US,100.0
AAPL US 05/15/26 P315 Equity,315.0,2026-05-15,Put,100.0,AAPL US,100.0
AAPL US 05/15/26 P317.5 Equity,317.5,2026-05-15,Put,100.0,AAPL US,100.0
AAPL US 05/15/26 P320 Equity,320.0,2026-05-15,Put,100.0,AAPL US,100.0
AAPL US 05/15/26 P325 Equity,325.0,2026-05-15,Put,100.0,AAPL US,100.0
AAPL US 05/15/26 P400 Equity,400.0,2026-05-15,Put,100.0,AAPL US,100.0
AAPL US 05/15/26 P410 Equity,410.0,2026-05-15,Put,100.0,AAPL US,100.0
AAPL US 05/15/26 P420 Equity,420.0,2026-05-15,Put,100.0,AAPL US,100.0
AAPL US 05/15/26 P430 Equity,430.0,2026-05-15,Put,100.0,AAPL US,100.0
AAPL US 05/15/26 P440 Equity,440.0,2026-05-15,Put,100.0,AAPL US,100.0
AAPL US 05/15/26 P450 Equity,450.0,2026-05-15,Put,100.0,AAPL US,100.0
AAPL US 06/18/26 C5 Equity,5.0,2026-06-18,Call,100.0,AAPL US,100.0
AAPL US 06/18/26 C10 Equity,10.0,2026-06-18,Call,100.0,AAPL US,100.0
AAPL US 06/18/26 C15 Equity,15.0,2026-06-18,Call,100.0,AAPL US,100.0
AAPL US 06/18/26 C20 Equity,20.0,2026-06-18,Call,100.0,AAPL US,100.0
AAPL US 06/18/26 C175 Equity,175.0,2026-06-18,Call,100.0,AAPL US,100.0
AAPL US 06/18/26 C180 Equity,180.0,2026-06-18,Call,100.0,AAPL US,100.0
AAPL US 06/18/26 C185 Equity,185.0,2026-06-18,Call,100.0,AAPL US,100.0
AAPL US 06/18/26 C190 Equity,190.0,2026-06-18,Call,100.0,AAPL US,100.0
AAPL US 06/18/26 C195 Equity,195.0,2026-06-18,Call,100.0,AAPL US,100.0
AAPL US 06/18/26 C200 Equity,200.0,2026-06-18,Call,100.0,AAPL US,100.0
AAPL US 06/18/26 C205 Equity,205.0,2026-06-18,Call,100.0,AAPL US,100.0
AAPL US 06/18/26 C210 Equity,210.0,2026-06-18,Call,100.0,AAPL US,100.0
AAPL US 06/18/26 C215 Equity,215.0,2026-06-18,Call,100.0,AAPL US,100.0
AAPL US 06/18/26 C220 Equity,220.0,2026-06-18,Call,100.0,AAPL US,100.0
AAPL US 06/18/26 C75 Equity,75.0,2026-06-18,Call,100.0,AAPL US,100.0
AAPL US 06/18/26 C80 Equity,80.0,2026-06-18,Call,100.0,AAPL US,100.0
AAPL US 06/18/26 C85 Equity,85.0,2026-06-18,Call,100.0,AAPL US,100.0
AAPL US 06/18/26 C90 Equity,90.0,2026-06-18,Call,100.0,AAPL US,100.0
AAPL US 06/18/26 C95 Equity,95.0,2026-06-18,Call,100.0,AAPL US,100.0
AAPL US 06/18/26 C100 Equity,100.0,2026-06-18,Call,100.0,AAPL US,100.0
AAPL US 06/18/26 C105 Equity,105.0,2026-06-18,Call,100.0,AAPL US,100.0
AAPL US 06/18/26 C110 Equity,110.0,2026-06-18,Call,100.0,AAPL US,100.0
AAPL US 06/18/26 C115 Equity,115.0,2026-06-18,Call,100.0,AAPL US,100.0
AAPL US 06/18/26 C120 Equity,120.0,2026-06-18,Call,100.0,AAPL US,100.0
AAPL US 06/18/26 C390 Equity,390.0,2026-06-18,Call,100.0,AAPL US,100.0
AAPL US 06/18/26 C400 Equity,400.0,2026-06-18,Call,100.0,AAPL US,100.0
AAPL US 06/18/26 C410 Equity,410.0,2026-06-18,Call,100.0,AAPL US,100.0
AAPL US 06/18/26 C420 Equity,420.0,2026-06-18,Call,100.0,AAPL US,100.0
AAPL US 06/18/26 C430 Equity,430.0,2026-06-18,Call,100.0,AAPL US,100.0
AAPL US 06/18/26 C440 Equity,440.0,2026-06-18,Call,100.0,AAPL US,100.0
AAPL US 06/18/26 C450 Equity,450.0,2026-06-18,Call,100.0,AAPL US,100.0
AAPL US 06/18/26 P5 Equity,5.0,2026-06-18,Put,100.0,AAPL US,100.0
AAPL US 06/18/26 P10 Equity,10.0,2026-06-18,Put,100.0,AAPL US,100.0
AAPL US 06/18/26 P15 Equity,15.0,2026-06-18,Put,100.0,AAPL US,100.0
AAPL US 06/18/26 P70 Equity,70.0,2026-06-18,Put,100.0,AAPL US,100.0
AAPL US 06/18/26 P75 Equity,75.0,2026-06-18,Put,100.0,AAPL US,100.0
AAPL US 06/18/26 P80 Equity,80.0,2026-06-18,Put,100.0,AAPL US,100.0
AAPL US 06/18/26 P85 Equity,85.0,2026-06-18,Put,100.0,AAPL US,100.0
AAPL US 06/18/26 P90 Equity,90.0,2026-06-18,Put,100.0,AAPL US,100.0
AAPL US 06/18/26 P95 Equity,95.0,2026-06-18,Put,100.0,AAPL US,100.0
AAPL US 06/18/26 P100 Equity,100.0,2026-06-18,Put,100.0,AAPL US,100.0
AAPL US 06/18/26 P105 Equity,105.0,2026-06-18,Put,100.0,AAPL US,100.0
AAPL US 06/18/26 P110 Equity,110.0,2026-06-18,Put,100.0,AAPL US,100.0
AAPL US 06/18/26 P115 Equity,115.0,2026-06-18,Put,100.0,AAPL US,100.0
AAPL US 06/18/26 C325 Equity,325.0,2026-06-18,Call,100.0,AAPL US,100.0
AAPL US 06/18/26 C330 Equity,330.0,2026-06-18,Call,100.0,AAPL US,100.0
AAPL US 06/18/26 C335 Equity,335.0,2026-06-18,Call,100.0,AAPL US,100.0
AAPL US 06/18/26 C340 Equity,340.0,2026-06-18,Call,100.0,AAPL US,100.0
AAPL US 06/18/26 C345 Equity,345.0,2026-06-18,Call,100.0,AAPL US,100.0
AAPL US 06/18/26 C350 Equity,350.0,2026-06-18,Call,100.0,AAPL US,100.0
AAPL US 06/18/26 C355 Equity,355.0,2026-06-18,Call,100.0,AAPL US,100.0
AAPL US 06/18/26 C360 Equity,360.0,2026-06-18,Call,100.0,AAPL US,100.0
AAPL US 06/18/26 C370 Equity,370.0,2026-06-18,Call,100.0,AAPL US,100.0
AAPL US 06/18/26 C380 Equity,380.0,2026-06-18,Call,100.0,AAPL US,100.0
AAPL US 06/18/26 C225 Equity,225.0,2026-06-18,Call,100.0,AAPL US,100.0
AAPL US 06/18/26 C230 Equity,230.0,2026-06-18,Call,100.0,AAPL US,100.0
AAPL US 06/18/26 C235 Equity,235.0,2026-06-18,Call,100.0,AAPL US,100.0
AAPL US 06/18/26 C240 Equity,240.0,2026-06-18,Call,100.0,AAPL US,100.0
AAPL US 06/18/26 C245 Equity,245.0,2026-06-18,Call,100.0,AAPL US,100.0
AAPL US 06/18/26 C250 Equity,250.0,2026-06-18,Call,100.0,AAPL US,100.0
AAPL US 06/18/26 C255 Equity,255.0,2026-06-18,Call,100.0,AAPL US,100.0
AAPL US 06/18/26 C260 Equity,260.0,2026-06-18,Call,100.0,AAPL US,100.0
AAPL US 06/18/26 C265 Equity,265.0,2026-06-18,Call,100.0,AAPL US,100.0
AAPL US 06/18/26 C270 Equity,270.0,2026-06-18,Call,100.0,AAPL US,100.0
AAPL US 06/18/26 C125 Equity,125.0,2026-06-18,Call,100.0,AAPL US,100.0
AAPL US 06/18/26 C130 Equity,130.0,2026-06-18,Call,100.0,AAPL US,100.0
AAPL US 06/18/26 C135 Equity,135.0,2026-06-18,Call,100.0,AAPL US,100.0
AAPL US 06/18/26 C140 Equity,140.0,2026-06-18,Call,100.0,AAPL US,100.0
AAPL US 06/18/26 C145 Equity,145.0,2026-06-18,Call,100.0,AAPL US,100.0
AAPL US 06/18/26 C150 Equity,150.0,2026-06-18,Call,100.0,AAPL US,100.0
AAPL US 06/18/26 C155 Equity,155.0,2026-06-18,Call,100.0,AAPL US,100.0
AAPL US 06/18/26 C160 Equity,160.0,2026-06-18,Call,100.0,AAPL US,100.0
AAPL US 06/18/26 C165 Equity,165.0,2026-06-18,Call,100.0,AAPL US,100.0
AAPL US 06/18/26 C170 Equity,170.0,2026-06-18,Call,100.0,AAPL US,100.0
AAPL US 06/18/26 C275 Equity,275.0,2026-06-18,Call,100.0,AAPL US,100.0
AAPL US 06/18/26 C280 Equity,280.0,2026-06-18,Call,100.0,AAPL US,100.0
AAPL US 06/18/26 C285 Equity,285.0,2026-06-18,Call,100.0,AAPL US,100.0
AAPL US 06/18/26 C290 Equity,290.0,2026-06-18,Call,100.0,AAPL US,100.0
AAPL US 06/18/26 C295 Equity,295.0,2026-06-18,Call,100.0,AAPL US,100.0
AAPL US 06/18/26 C300 Equity,300.0,2026-06-18,Call,100.0,AAPL US,100.0
AAPL US 06/18/26 C305 Equity,305.0,2026-06-18,Call,100.0,AAPL US,100.0
AAPL US 06/18/26 C310 Equity,310.0,2026-06-18,Call,100.0,AAPL US,100.0
AAPL US 06/18/26 C315 Equity,315.0,2026-06-18,Call,100.0,AAPL US,100.0
AAPL US 06/18/26 C320 Equity,320.0,2026-06-18,Call,100.0,AAPL US,100.0
AAPL US 06/18/26 P120 Equity,120.0,2026-06-18,Put,100.0,AAPL US,100.0
AAPL US 06/18/26 P125 Equity,125.0,2026-06-18,Put,100.0,AAPL US,100.0
AAPL US 06/18/26 P130 Equity,130.0,2026-06-18,Put,100.0,AAPL US,100.0
AAPL US 06/18/26 P135 Equity,135.0,2026-06-18,Put,100.0,AAPL US,100.0
AAPL US 06/18/26 P140 Equity,140.0,2026-06-18,Put,100.0,AAPL US,100.0
AAPL US 06/18/26 P145 Equity,145.0,2026-06-18,Put,100.0,AAPL US,100.0
AAPL US 06/18/26 P150 Equity,150.0,2026-06-18,Put,100.0,AAPL US,100.0
AAPL US 06/18/26 P155 Equity,155.0,2026-06-18,Put,100.0,AAPL US,100.0
AAPL US 06/18/26 P160 Equity,160.0,2026-06-18,Put,100.0,AAPL US,100.0
AAPL US 06/18/26 P165 Equity,165.0,2026-06-18,Put,100.0,AAPL US,100.0
AAPL US 06/18/26 P20 Equity,20.0,2026-06-18,Put,100.0,AAPL US,100.0
AAPL US 06/18/26 P25 Equity,25.0,2026-06-18,Put,100.0,AAPL US,100.0
AAPL US 06/18/26 P30 Equity,30.0,2026-06-18,Put,100.0,AAPL US,100.0
AAPL US 06/18/26 P35 Equity,35.0,2026-06-18,Put,100.0,AAPL US,100.0
AAPL US 06/18/26 P40 Equity,40.0,2026-06-18,Put,100.0,AAPL US,100.0
AAPL US 06/18/26 P45 Equity,45.0,2026-06-18,Put,100.0,AAPL US,100.0
AAPL US 06/18/26 P50 Equity,50.0,2026-06-18,Put,100.0,AAPL US,100.0
AAPL US 06/18/26 P55 Equity,55.0,2026-06-18,Put,100.0,AAPL US,100.0
AAPL US 06/18/26 P60 Equity,60.0,2026-06-18,Put,100.0,AAPL US,100.0
AAPL US 06/18/26 P65 Equity,65.0,2026-06-18,Put,100.0,AAPL US,100.0
AAPL US 06/18/26 P270 Equity,270.0,2026-06-18,Put,100.0,AAPL US,100.0
AAPL US 06/18/26 P275 Equity,275.0,2026-06-18,Put,100.0,AAPL US,100.0
AAPL US 06/18/26 P280 Equity,280.0,2026-06-18,Put,100.0,AAPL US,100.0
AAPL US 06/18/26 P285 Equity,285.0,2026-06-18,Put,100.0,AAPL US,100.0
AAPL US 06/18/26 P290 Equity,290.0,2026-06-18,Put,100.0,AAPL US,100.0
AAPL US 06/18/26 P295 Equity,295.0,2026-06-18,Put,100.0,AAPL US,100.0
AAPL US 06/18/26 P300 Equity,300.0,2026-06-18,Put,100.0,AAPL US,100.0
AAPL US 06/18/26 P305 Equity,305.0,2026-06-18,Put,100.0,AAPL US,100.0
AAPL US 06/18/26 P310 Equity,310.0,2026-06-18,Put,100.0,AAPL US,100.0
AAPL US 06/18/26 P315 Equity,315.0,2026-06-18,Put,100.0,AAPL US,100.0
AAPL US 07/17/26 C120 Equity,120.0,2026-07-17,Call,100.0,AAPL US,100.0
AAPL US 07/17/26 C125 Equity,125.0,2026-07-17,Call,100.0,AAPL US,100.0
AAPL US 07/17/26 C130 Equity,130.0,2026-07-17,Call,100.0,AAPL US,100.0
AAPL US 07/17/26 C135 Equity,135.0,2026-07-17,Call,100.0,AAPL US,100.0
AAPL US 07/17/26 C140 Equity,140.0,2026-07-17,Call,100.0,AAPL US,100.0
AAPL US 07/17/26 C145 Equity,145.0,2026-07-17,Call,100.0,AAPL US,100.0
AAPL US 07/17/26 C150 Equity,150.0,2026-07-17,Call,100.0,AAPL US,100.0
AAPL US 07/17/26 C155 Equity,155.0,2026-07-17,Call,100.0,AAPL US,100.0
AAPL US 07/17/26 C160 Equity,160.0,2026-07-17,Call,100.0,AAPL US,100.0
AAPL US 07/17/26 C165 Equity,165.0,2026-07-17,Call,100.0,AAPL US,100.0
AAPL US 07/17/26 C270 Equity,270.0,2026-07-17,Call,100.0,AAPL US,100.0
AAPL US 07/17/26 C275 Equity,275.0,2026-07-17,Call,100.0,AAPL US,100.0
AAPL US 07/17/26 C280 Equity,280.0,2026-07-17,Call,100.0,AAPL US,100.0
AAPL US 07/17/26 C285 Equity,285.0,2026-07-17,Call,100.0,AAPL US,100.0
AAPL US 07/17/26 C290 Equity,290.0,2026-07-17,Call,100.0,AAPL US,100.0
AAPL US 07/17/26 C295 Equity,295.0,2026-07-17,Call,100.0,AAPL US,100.0
AAPL US 07/17/26 C300 Equity,300.0,2026-07-17,Call,100.0,AAPL US,100.0
AAPL US 07/17/26 C305 Equity,305.0,2026-07-17,Call,100.0,AAPL US,100.0
AAPL US 07/17/26 C310 Equity,310.0,2026-07-17,Call,100.0,AAPL US,100.0
AAPL US 07/17/26 C315 Equity,315.0,2026-07-17,Call,100.0,AAPL US,100.0
AAPL US 07/17/26 C320 Equity,320.0,2026-07-17,Call,100.0,AAPL US,100.0
AAPL US 07/17/26 C325 Equity,325.0,2026-07-17,Call,100.0,AAPL US,100.0
AAPL US 07/17/26 C330 Equity,330.0,2026-07-17,Call,100.0,AAPL US,100.0
AAPL US 07/17/26 C335 Equity,335.0,2026-07-17,Call,100.0,AAPL US,100.0
AAPL US 07/17/26 C340 Equity,340.0,2026-07-17,Call,100.0,AAPL US,100.0
AAPL US 07/17/26 C345 Equity,345.0,2026-07-17,Call,100.0,AAPL US,100.0
AAPL US 07/17/26 C350 Equity,350.0,2026-07-17,Call,100.0,AAPL US,100.0
AAPL US 07/17/26 C355 Equity,355.0,2026-07-17,Call,100.0,AAPL US,100.0
AAPL US 07/17/26 C360 Equity,360.0,2026-07-17,Call,100.0,AAPL US,100.0
AAPL US 07/17/26 C365 Equity,365.0,2026-07-17,Call,100.0,AAPL US,100.0
AAPL US 06/18/26 P320 Equity,320.0,2026-06-18,Put,100.0,AAPL US,100.0
AAPL US 06/18/26 P325 Equity,325.0,2026-06-18,Put,100.0,AAPL US,100.0
AAPL US 06/18/26 P330 Equity,330.0,2026-06-18,Put,100.0,AAPL US,100.0
AAPL US 06/18/26 P335 Equity,335.0,2026-06-18,Put,100.0,AAPL US,100.0
AAPL US 06/18/26 P340 Equity,340.0,2026-06-18,Put,100.0,AAPL US,100.0
AAPL US 06/18/26 P345 Equity,345.0,2026-06-18,Put,100.0,AAPL US,100.0
AAPL US 06/18/26 P350 Equity,350.0,2026-06-18,Put,100.0,AAPL US,100.0
AAPL US 06/18/26 P355 Equity,355.0,2026-06-18,Put,100.0,AAPL US,100.0
AAPL US 06/18/26 P360 Equity,360.0,2026-06-18,Put,100.0,AAPL US,100.0
AAPL US 06/18/26 P370 Equity,370.0,2026-06-18,Put,100.0,AAPL US,100.0
AAPL US 06/18/26 P220 Equity,220.0,2026-06-18,Put,100.0,AAPL US,100.0
AAPL US 06/18/26 P225 Equity,225.0,2026-06-18,Put,100.0,AAPL US,100.0
AAPL US 06/18/26 P230 Equity,230.0,2026-06-18,Put,100.0,AAPL US,100.0
AAPL US 06/18/26 P235 Equity,235.0,2026-06-18,Put,100.0,AAPL US,100.0
AAPL US 06/18/26 P240 Equity,240.0,2026-06-18,Put,100.0,AAPL US,100.0
AAPL US 06/18/26 P245 Equity,245.0,2026-06-18,Put,100.0,AAPL US,100.0
AAPL US 06/18/26 P250 Equity,250.0,2026-06-18,Put,100.0,AAPL US,100.0
AAPL US 06/18/26 P255 Equity,255.0,2026-06-18,Put,100.0,AAPL US,100.0
AAPL US 06/18/26 P260 Equity,260.0,2026-06-18,Put,100.0,AAPL US,100.0
AAPL US 06/18/26 P265 Equity,265.0,2026-06-18,Put,100.0,AAPL US,100.0
AAPL US 07/17/26 C170 Equity,170.0,2026-07-17,Call,100.0,AAPL US,100.0
AAPL US 07/17/26 C175 Equity,175.0,2026-07-17,Call,100.0,AAPL US,100.0
AAPL US 07/17/26 C180 Equity,180.0,2026-07-17,Call,100.0,AAPL US,100.0
AAPL US 07/17/26 C185 Equity,185.0,2026-07-17,Call,100.0,AAPL US,100.0
AAPL US 07/17/26 C190 Equity,190.0,2026-07-17,Call,100.0,AAPL US,100.0
AAPL US 07/17/26 C195 Equity,195.0,2026-07-17,Call,100.0,AAPL US,100.0
AAPL US 07/17/26 C200 Equity,200.0,2026-07-17,Call,100.0,AAPL US,100.0
AAPL US 07/17/26 C205 Equity,205.0,2026-07-17,Call,100.0,AAPL US,100.0
AAPL US 07/17/26 C210 Equity,210.0,2026-07-17,Call,100.0,AAPL US,100.0
AAPL US 07/17/26 C215 Equity,215.0,2026-07-17,Call,100.0,AAPL US,100.0
AAPL US 06/18/26 P380 Equity,380.0,2026-06-18,Put,100.0,AAPL US,100.0
AAPL US 06/18/26 P390 Equity,390.0,2026-06-18,Put,100.0,AAPL US,100.0
AAPL US 06/18/26 P400 Equity,400.0,2026-06-18,Put,100.0,AAPL US,100.0
AAPL US 06/18/26 P410 Equity,410.0,2026-06-18,Put,100.0,AAPL US,100.0
AAPL US 06/18/26 P420 Equity,420.0,2026-06-18,Put,100.0,AAPL US,100.0
AAPL US 06/18/26 P430 Equity,430.0,2026-06-18,Put,100.0,AAPL US,100.0
AAPL US 06/18/26 P440 Equity,440.0,2026-06-18,Put,100.0,AAPL US,100.0
AAPL US 06/18/26 P450 Equity,450.0,2026-06-18,Put,100.0,AAPL US,100.0
AAPL US 07/17/26 C110 Equity,110.0,2026-07-17,Call,100.0,AAPL US,100.0
AAPL US 07/17/26 C115 Equity,115.0,2026-07-17,Call,100.0,AAPL US,100.0
AAPL US 06/18/26 P170 Equity,170.0,2026-06-18,Put,100.0,AAPL US,100.0
AAPL US 06/18/26 P175 Equity,175.0,2026-06-18,Put,100.0,AAPL US,100.0
AAPL US 06/18/26 P180 Equity,180.0,2026-06-18,Put,100.0,AAPL US,100.0
AAPL US 06/18/26 P185 Equity,185.0,2026-06-18,Put,100.0,AAPL US,100.0
AAPL US 06/18/26 P190 Equity,190.0,2026-06-18,Put,100.0,AAPL US,100.0
AAPL US 06/18/26 P195 Equity,195.0,2026-06-18,Put,100.0,AAPL US,100.0
AAPL US 06/18/26 P200 Equity,200.0,2026-06-18,Put,100.0,AAPL US,100.0
AAPL US 06/18/26 P205 Equity,205.0,2026-06-18,Put,100.0,AAPL US,100.0
AAPL US 06/18/26 P210 Equity,210.0,2026-06-18,Put,100.0,AAPL US,100.0
AAPL US 06/18/26 P215 Equity,215.0,2026-06-18,Put,100.0,AAPL US,100.0
AAPL US 07/17/26 C220 Equity,220.0,2026-07-17,Call,100.0,AAPL US,100.0
AAPL US 07/17/26 C225 Equity,225.0,2026-07-17,Call,100.0,AAPL US,100.0
AAPL US 07/17/26 C230 Equity,230.0,2026-07-17,Call,100.0,AAPL US,100.0
AAPL US 07/17/26 C235 Equity,235.0,2026-07-17,Call,100.0,AAPL US,100.0
AAPL US 07/17/26 C240 Equity,240.0,2026-07-17,Call,100.0,AAPL US,100.0
AAPL US 07/17/26 C245 Equity,245.0,2026-07-17,Call,100.0,AAPL US,100.0
AAPL US 07/17/26 C250 Equity,250.0,2026-07-17,Call,100.0,AAPL US,100.0
AAPL US 07/17/26 C255 Equity,255.0,2026-07-17,Call,100.0,AAPL US,100.0
AAPL US 07/17/26 C260 Equity,260.0,2026-07-17,Call,100.0,AAPL US,100.0
AAPL US 07/17/26 C265 Equity,265.0,2026-07-17,Call,100.0,AAPL US,100.0
AAPL US 07/17/26 P240 Equity,240.0,2026-07-17,Put,100.0,AAPL US,100.0
AAPL US 07/17/26 P245 Equity,245.0,2026-07-17,Put,100.0,AAPL US,100.0
AAPL US 07/17/26 P250 Equity,250.0,2026-07-17,Put,100.0,AAPL US,100.0
AAPL US 07/17/26 P255 Equity,255.0,2026-07-17,Put,100.0,AAPL US,100.0
AAPL US 07/17/26 P260 Equity,260.0,2026-07-17,Put,100.0,AAPL US,100.0
AAPL US 07/17/26 P265 Equity,265.0,2026-07-17,Put,100.0,AAPL US,100.0
AAPL US 07/17/26 P270 Equity,270.0,2026-07-17,Put,100.0,AAPL US,100.0
AAPL US 07/17/26 P275 Equity,275.0,2026-07-17,Put,100.0,AAPL US,100.0
AAPL US 07/17/26 P280 Equity,280.0,2026-07-17,Put,100.0,AAPL US,100.0
AAPL US 07/17/26 P285 Equity,285.0,2026-07-17,Put,100.0,AAPL US,100.0
AAPL US 07/17/26 P340 Equity,340.0,2026-07-17,Put,100.0,AAPL US,100.0
AAPL US 07/17/26 P345 Equity,345.0,2026-07-17,Put,100.0,AAPL US,100.0
AAPL US 07/17/26 P350 Equity,350.0,2026-07-17,Put,100.0,AAPL US,100.0
AAPL US 07/17/26 P355 Equity,355.0,2026-07-17,Put,100.0,AAPL US,100.0
AAPL US 07/17/26 P360 Equity,360.0,2026-07-17,Put,100.0,AAPL US,100.0
AAPL US 07/17/26 P365 Equity,365.0,2026-07-17,Put,100.0,AAPL US,100.0
AAPL US 07/17/26 P370 Equity,370.0,2026-07-17,Put,100.0,AAPL US,100.0
AAPL US 07/17/26 P380 Equity,380.0,2026-07-17,Put,100.0,AAPL US,100.0
AAPL US 07/17/26 P390 Equity,390.0,2026-07-17,Put,100.0,AAPL US,100.0
AAPL US 07/17/26 P400 Equity,400.0,2026-07-17,Put,100.0,AAPL US,100.0
AAPL US 08/21/26 C160 Equity,160.0,2026-08-21,Call,100.0,AAPL US,100.0
AAPL US 08/21/26 C165 Equity,165.0,2026-08-21,Call,100.0,AAPL US,100.0
AAPL US 08/21/26 C170 Equity,170.0,2026-08-21,Call,100.0,AAPL US,100.0
AAPL US 08/21/26 C175 Equity,175.0,2026-08-21,Call,100.0,AAPL US,100.0
AAPL US 08/21/26 C180 Equity,180.0,2026-08-21,Call,100.0,AAPL US,100.0
AAPL US 08/21/26 C185 Equity,185.0,2026-08-21,Call,100.0,AAPL US,100.0
AAPL US 08/21/26 C190 Equity,190.0,2026-08-21,Call,100.0,AAPL US,100.0
AAPL US 08/21/26 C195 Equity,195.0,2026-08-21,Call,100.0,AAPL US,100.0
AAPL US 08/21/26 C200 Equity,200.0,2026-08-21,Call,100.0,AAPL US,100.0
AAPL US 08/21/26 C205 Equity,205.0,2026-08-21,Call,100.0,AAPL US,100.0
AAPL US 07/17/26 P140 Equity,140.0,2026-07-17,Put,100.0,AAPL US,100.0
AAPL US 07/17/26 P145 Equity,145.0,2026-07-17,Put,100.0,AAPL US,100.0
AAPL US 07/17/26 P150 Equity,150.0,2026-07-17,Put,100.0,AAPL US,100.0
AAPL US 07/17/26 P155 Equity,155.0,2026-07-17,Put,100.0,AAPL US,100.0
AAPL US 07/17/26 P160 Equity,160.0,2026-07-17,Put,100.0,AAPL US,100.0
AAPL US 07/17/26 P165 Equity,165.0,2026-07-17,Put,100.0,AAPL US,100.0
AAPL US 07/17/26 P170 Equity,170.0,2026-07-17,Put,100.0,AAPL US,100.0
AAPL US 07/17/26 P175 Equity,175.0,2026-07-17,Put,100.0,AAPL US,100.0
AAPL US 07/17/26 P180 Equity,180.0,2026-07-17,Put,100.0,AAPL US,100.0
AAPL US 07/17/26 P185 Equity,185.0,2026-07-17,Put,100.0,AAPL US,100.0
AAPL US 07/17/26 C470 Equity,470.0,2026-07-17,Call,100.0,AAPL US,100.0
AAPL US 07/17/26 C480 Equity,480.0,2026-07-17,Call,100.0,AAPL US,100.0
AAPL US 07/17/26 C490 Equity,490.0,2026-07-17,Call,100.0,AAPL US,100.0
AAPL US 07/17/26 C500 Equity,500.0,2026-07-17,Call,100.0,AAPL US,100.0
AAPL US 07/17/26 P110 Equity,110.0,2026-07-17,Put,100.0,AAPL US,100.0
AAPL US 07/17/26 P115 Equity,115.0,2026-07-17,Put,100.0,AAPL US,100.0
AAPL US 07/17/26 P120 Equity,120.0,2026-07-17,Put,100.0,AAPL US,100.0
AAPL US 07/17/26 P125 Equity,125.0,2026-07-17,Put,100.0,AAPL US,100.0
AAPL US 07/17/26 P130 Equity,130.0,2026-07-17,Put,100.0,AAPL US,100.0
AAPL US 07/17/26 P135 Equity,135.0,2026-07-17,Put,100.0,AAPL US,100.0
AAPL US 07/17/26 P290 Equity,290.0,2026-07-17,Put,100.0,AAPL US,100.0
AAPL US 07/17/26 P295 Equity,295.0,2026-07-17,Put,100.0,AAPL US,100.0
AAPL US 07/17/26 P300 Equity,300.0,2026-07-17,Put,100.0,AAPL US,100.0
AAPL US 07/17/26 P305 Equity,305.0,2026-07-17,Put,100.0,AAPL US,100.0
AAPL US 07/17/26 P310 Equity,310.0,2026-07-17,Put,100.0,AAPL US,100.0
AAPL US 07/17/26 P315 Equity,315.0,2026-07-17,Put,100.0,AAPL US,100.0
AAPL US 07/17/26 P320 Equity,320.0,2026-07-17,Put,100.0,AAPL US,100.0
AAPL US 07/17/26 P325 Equity,325.0,2026-07-17,Put,100.0,AAPL US,100.0
AAPL US 07/17/26 P330 Equity,330.0,2026-07-17,Put,100.0,AAPL US,100.0
AAPL US 07/17/26 P335 Equity,335.0,2026-07-17,Put,100.0,AAPL US,100.0
AAPL US 08/21/26 C110 Equity,110.0,2026-08-21,Call,100.0,AAPL US,100.0
AAPL US 08/21/26 C115 Equity,115.0,2026-08-21,Call,100.0,AAPL US,100.0
AAPL US 08/21/26 C120 Equity,120.0,2026-08-21,Call,100.0,AAPL US,100.0
AAPL US 08/21/26 C125 Equity,125.0,2026-08-21,Call,100.0,AAPL US,100.0
AAPL US 08/21/26 C130 Equity,130.0,2026-08-21,Call,100.0,AAPL US,100.0
AAPL US 08/21/26 C135 Equity,135.0,2026-08-21,Call,100.0,AAPL US,100.0
AAPL US 08/21/26 C140 Equity,140.0,2026-08-21,Call,100.0,AAPL US,100.0
AAPL US 08/21/26 C145 Equity,145.0,2026-08-21,Call,100.0,AAPL US,100.0
AAPL US 08/21/26 C150 Equity,150.0,2026-08-21,Call,100.0,AAPL US,100.0
AAPL US 08/21/26 C155 Equity,155.0,2026-08-21,Call,100.0,AAPL US,100.0
AAPL US 07/17/26 P410 Equity,410.0,2026-07-17,Put,100.0,AAPL US,100.0
AAPL US 07/17/26 P420 Equity,420.0,2026-07-17,Put,100.0,AAPL US,100.0
AAPL US 07/17/26 P430 Equity,430.0,2026-07-17,Put,100.0,AAPL US,100.0
AAPL US 07/17/26 P440 Equity,440.0,2026-07-17,Put,100.0,AAPL US,100.0
AAPL US 07/17/26 P450 Equity,450.0,2026-07-17,Put,100.0,AAPL US,100.0
AAPL US 07/17/26 P460 Equity,460.0,2026-07-17,Put,100.0,AAPL US,100.0
AAPL US 07/17/26 P470 Equity,470.0,2026-07-17,Put,100.0,AAPL US,100.0
AAPL US 07/17/26 P480 Equity,480.0,2026-07-17,Put,100.0,AAPL US,100.0
AAPL US 07/17/26 P490 Equity,490.0,2026-07-17,Put,100.0,AAPL US,100.0
AAPL US 07/17/26 P500 Equity,500.0,2026-07-17,Put,100.0,AAPL US,100.0
AAPL US 07/17/26 P190 Equity,190.0,2026-07-17,Put,100.0,AAPL US,100.0
AAPL US 07/17/26 P195 Equity,195.0,2026-07-17,Put,100.0,AAPL US,100.0
AAPL US 07/17/26 P200 Equity,200.0,2026-07-17,Put,100.0,AAPL US,100.0
AAPL US 07/17/26 P205 Equity,205.0,2026-07-17,Put,100.0,AAPL US,100.0
AAPL US 07/17/26 P210 Equity,210.0,2026-07-17,Put,100.0,AAPL US,100.0
AAPL US 07/17/26 P215 Equity,215.0,2026-07-17,Put,100.0,AAPL US,100.0
AAPL US 07/17/26 P220 Equity,220.0,2026-07-17,Put,100.0,AAPL US,100.0
AAPL US 07/17/26 P225 Equity,225.0,2026-07-17,Put,100.0,AAPL US,100.0
AAPL US 07/17/26 P230 Equity,230.0,2026-07-17,Put,100.0,AAPL US,100.0
AAPL US 07/17/26 P235 Equity,235.0,2026-07-17,Put,100.0,AAPL US,100.0
AAPL US 07/17/26 C370 Equity,370.0,2026-07-17,Call,100.0,AAPL US,100.0
AAPL US 07/17/26 C380 Equity,380.0,2026-07-17,Call,100.0,AAPL US,100.0
AAPL US 07/17/26 C390 Equity,390.0,2026-07-17,Call,100.0,AAPL US,100.0
AAPL US 07/17/26 C400 Equity,400.0,2026-07-17,Call,100.0,AAPL US,100.0
AAPL US 07/17/26 C410 Equity,410.0,2026-07-17,Call,100.0,AAPL US,100.0
AAPL US 07/17/26 C420 Equity,420.0,2026-07-17,Call,100.0,AAPL US,100.0
AAPL US 07/17/26 C430 Equity,430.0,2026-07-17,Call,100.0,AAPL US,100.0
AAPL US 07/17/26 C440 Equity,440.0,2026-07-17,Call,100.0,AAPL US,100.0
AAPL US 07/17/26 C450 Equity,450.0,2026-07-17,Call,100.0,AAPL US,100.0
AAPL US 07/17/26 C460 Equity,460.0,2026-07-17,Call,100.0,AAPL US,100.0
